Type,Name,Request Count,Failure Count,Median Response Time,Average Response Time,Min Response Time,Max Response Time,Average Content Size,Requests/s,Failures/s,50%,66%,75%,80%,90%,95%,98%,99%,99.9%,99.99%,100%
POST,/api/chat,162,0,8100.0,8203.33869828369,2436.4888749987585,16831.424749994767,1024.0617283950617,1.3598201466267814,0.0,8100,9000,9300,10000,11000,12000,13000,15000,17000,17000,17000
,Aggregated,162,0,8100.0,8203.33869828369,2436.4888749987585,16831.424749994767,1024.0617283950617,1.3598201466267814,0.0,8100,9000,9300,10000,11000,12000,13000,15000,17000,17000,17000
