Type,Name,Request Count,Failure Count,Median Response Time,Average Response Time,Min Response Time,Max Response Time,Average Content Size,Requests/s,Failures/s,50%,66%,75%,80%,90%,95%,98%,99%,99.9%,99.99%,100%
POST,/api/chat,209,0,5900.0,6021.336393966746,51.77745800756384,14713.770292000845,964.4401913875598,1.753409380040472,0.0,5900,6800,7600,8000,9500,11000,13000,13000,15000,15000,15000
,Aggregated,209,0,5900.0,6021.336393966746,51.77745800756384,14713.770292000845,964.4401913875598,1.753409380040472,0.0,5900,6800,7600,8000,9500,11000,13000,13000,15000,15000,15000
